USER_ID,RECORD_DATE,CITY,OCCUPATION,INDUSTRY,INCOME
1,2020-05-02,6,29,32,34783.866673234734
1,2020-09-28,18,91,20,20583.953807342226
1,2020-10-11,21,29,18,12406.99774390871
1,2020-10-19,17,93,15,24204.024495340684
1,2020-11-22,3,48,17,13128.289048609113
1,2021-01-31,11,77,16,25919.944598899474
1,2021-04-01,23,35,15,25565.888102347228
1,2021-05-26,2,70,18,19154.272445509894
1,2021-08-08,4,31,35,14365.367356856907
1,2021-10-31,12,34,40,16774.12462791609
1,2022-05-08,22,87,41,16254.915980750033
1,2022-05-20,12,82,29,22477.238667931957
1,2022-07-03,23,13,43,21131.512941846326
1,2022-07-27,10,51,17,34190.210202240436
1,2023-02-13,24,20,44,35375.11354355601
1,2024-09-27,8,19,13,27728.8985900467
1,2025-01-31,5,47,22,18607.383461474146
1,2026-01-16,23,74,27,18707.60084656628
1,2026-10-01,17,25,45,20532.28876208294
1,2027-04-15,7,57,37,20532.389890675928
1,2027-09-19,21,41,3,14419.098471908625
1,2028-04-21,18,54,2,26750.449647366062
1,2028-07-24,3,11,24,19132.76681481721
1,2029-01-18,23,58,34,19167.56280669507
1,2029-04-20,18,24,45,23684.797875724176
2,2020-03-20,11,39,15,23450.781006508652
2,2020-03-27,18,28,0,17748.33055927282
2,2020-08-25,18,10,5,12235.525956751535
2,2020-09-17,12,76,29,18394.525883915547
2,2020-10-17,7,8,2,19183.549017177425
2,2021-05-10,7,8,21,14135.482474826058
2,2021-09-18,21,54,38,24654.369008849768
2,2021-10-09,0,92,46,21937.45727391722
2,2022-12-14,16,13,40,16037.527462467522
2,2023-05-07,4,47,10,28191.152699214177
2,2024-06-23,7,17,32,22771.767427153383
2,2024-09-29,17,96,46,23188.470765174847
2,2025-07-14,24,6,7,15594.942263228158
2,2025-12-07,17,1,43,20180.899667750095
2,2026-01-18,19,41,31,15271.55008744604
2,2026-03-01,8,67,38,27488.96619859254
2,2027-07-14,14,66,28,20124.00965372667
2,2027-09-26,22,39,25,21275.373631468385
2,2028-01-31,21,68,17,18388.633650457843
2,2028-03-16,2,97,34,14787.59873711526
2,2028-08-02,4,84,30,23366.49343633288
2,2028-08-14,3,37,27,38395.03584512945
2,2029-08-22,2,65,15,30246.527632612357
3,2020-01-09,8,58,18,19077.1722414953
3,2020-08-09,1,51,46,17978.347567986297
3,2021-11-12,15,61,13,24327.897824168358
3,2022-02-18,3,84,27,24275.555847033876
3,2023-02-14,7,9,28,29125.92749651514
3,2023-10-21,7,24,12,26463.002030383894
3,2023-12-22,13,59,46,19623.347119140133
3,2026-01-05,4,54,11,30010.417691521085
3,2027-07-03,6,69,8,24418.23545516116
3,2028-02-10,7,60,26,12979.000099982703
3,2029-01-22,1,83,34,17123.97389907749
3,2029-05-17,2,96,15,20075.115400057384
3,2029-09-11,1,21,24,29515.284834757902
4,2020-02-08,19,72,6,34940.817125190646
4,2020-09-06,1,6,37,15384.841920239538
4,2020-10-27,16,33,8,21790.997140369294
4,2021-06-20,14,40,4,24548.81054276879
4,2021-10-08,17,90,19,10037.43084706323
4,2022-06-10,18,94,34,15805.282645688902
4,2022-10-05,19,10,26,29764.148250402173
4,2023-01-20,19,26,45,22641.238456441413
4,2023-11-30,7,47,18,35220.83524142657
4,2025-05-06,1,65,5,28106.545010348178
4,2026-11-10,21,70,19,28185.720158410688
4,2027-05-16,8,26,42,24550.581210739198
4,2027-06-10,4,33,7,22609.24382570436
4,2027-07-28,12,15,36,21555.730216977707
4,2027-10-24,4,24,18,20833.182499389193
4,2028-01-12,7,33,25,18150.693959013504
4,2029-07-19,2,76,4,33086.214973816575
4,2029-12-23,23,70,9,20136.669695132205
5,2021-08-29,4,5,19,28987.518950492584
5,2021-09-02,11,74,35,18948.36423864997
5,2022-01-04,13,85,15,29454.250179620194
5,2022-04-13,16,62,16,12133.546404582019
5,2022-08-27,5,52,1,22677.380769168933
5,2022-10-19,11,99,35,18789.846795652644
5,2022-12-28,22,13,24,17843.312583644914
5,2024-02-02,11,26,43,24309.5688802607
5,2026-04-16,3,9,44,17282.53821705266
5,2028-04-24,17,90,27,18854.727072559166
5,2028-08-24,20,33,10,34316.041753318306
5,2029-04-20,1,0,21,24517.287782024432
5,2029-06-27,2,81,27,20621.684229503826
5,2029-10-12,15,28,12,19964.30795568305
5,2029-11-30,19,95,9,25693.163657016787
6,2020-04-23,8,22,37,22060.281138517952
6,2020-06-30,0,66,34,19874.35815756283
6,2021-04-18,18,24,16,19415.100201163372
6,2022-12-23,3,76,27,20529.617118546408
6,2023-04-26,6,53,42,23210.808756816907
6,2023-06-20,10,51,44,38787.595479680545
6,2023-11-16,13,77,32,14405.837385061579
6,2023-12-03,7,28,1,19582.029336723543
6,2024-04-01,19,72,19,23795.817697377657
6,2024-07-21,9,36,13,21539.98437402313
6,2024-10-26,14,56,28,12386.576630179605
6,2027-03-12,21,68,21,23820.8513121105
6,2027-05-22,9,65,42,22428.080869654365
6,2027-05-27,12,42,17,14199.265480986149
6,2027-06-13,19,40,42,20986.072586131733
6,2027-07-30,16,60,10,21851.958652769143
6,2027-09-14,11,55,4,17314.79849607644
6,2029-07-05,23,38,32,24864.96981131051
6,2029-09-10,24,35,22,24072.75743281027
7,2020-04-10,7,60,39,24111.982683582963
7,2023-08-02,4,19,14,18938.597299199573
7,2024-04-17,22,27,4,13832.842993648374
7,2024-08-26,10,69,29,22484.21738355421
7,2024-08-30,6,53,24,16015.445604979343
7,2024-11-20,0,49,21,19997.879964415086
7,2025-05-07,11,38,24,16716.85431243502
7,2025-06-07,8,56,4,18585.011121040872
7,2025-07-17,7,18,41,31034.254098465797
7,2025-10-22,1,71,15,16767.265182660773
7,2026-06-15,22,89,24,15512.424907291568
7,2026-12-11,2,96,15,46118.64682965423
7,2027-06-27,24,56,39,14464.384726259661
7,2027-07-18,7,25,9,20791.337457764534
7,2027-09-17,24,98,6,27600.24448466468
7,2028-01-01,7,34,21,22694.89775098813
7,2028-05-04,14,33,15,42494.78696503625
7,2028-08-19,24,73,24,25389.163527326637
7,2028-09-23,7,22,44,27925.89250216338
7,2028-12-20,15,28,17,17413.89992047222
7,2029-02-20,17,57,10,26266.696635958102
7,2029-06-02,24,99,33,16364.00038310585
7,2029-07-06,14,17,29,33551.54839778733
7,2029-07-12,14,53,40,21798.282670431425
7,2029-07-27,17,95,34,35065.75602828368
8,2020-08-01,7,83,4,27848.847484398615
8,2021-03-08,11,81,29,25390.995347493925
8,2021-03-18,9,73,43,24438.974752838374
8,2021-06-01,21,14,36,25760.110496901234
8,2021-06-06,12,75,36,15225.709691726493
8,2021-07-09,5,6,16,32602.45353343972
8,2021-11-18,24,20,19,23745.48901242762
8,2022-03-27,19,19,15,14821.928462729542
8,2022-06-11,22,32,23,24079.00076206961
8,2022-09-25,18,78,42,31181.45087315545
8,2022-10-30,15,2,34,23812.473958794493
8,2023-08-13,2,35,28,27892.8421497843
8,2023-10-14,8,96,26,23280.937171892423
8,2024-03-17,22,25,4,17961.620813529258
8,2024-04-01,6,58,20,13599.047460901145
8,2024-04-01,0,63,20,17219.45803507862
8,2025-03-19,23,75,17,16442.01945451023
8,2025-09-03,0,53,31,38550.80856974734
8,2025-11-07,19,68,30,26821.687721835184
8,2025-12-22,21,47,4,17777.601026875887
8,2026-08-22,3,89,19,23615.91455151775
8,2027-06-08,2,82,27,23581.976235124617
8,2027-08-13,23,21,29,28114.905659842763
8,2027-12-07,13,22,46,15407.488721757383
8,2028-10-04,24,3,15,15197.934154911683
8,2029-07-14,18,5,22,24050.756780166033
9,2022-02-21,7,92,26,28187.053281086355
9,2022-08-02,23,24,20,24400.1752210234
9,2023-02-19,17,1,33,24930.177042602838
9,2023-04-20,12,88,15,17568.787176180387
9,2023-06-08,15,70,33,16867.52865134137
9,2023-11-09,23,70,21,17244.644569372307
9,2023-12-12,8,39,16,21522.829482805115
9,2025-06-20,11,33,21,29407.72984811554
9,2025-06-24,22,60,41,38911.21902338739
9,2027-12-25,14,2,5,20463.202766340513
10,2022-01-25,8,61,7,17032.060063484547
10,2022-07-20,5,38,0,22112.549290925454
10,2023-02-06,3,24,18,28230.40802421686
10,2023-03-10,15,56,21,26574.309088728318
10,2026-03-16,22,16,40,20345.25410235279
10,2027-12-10,8,5,3,34066.17457938614
10,2028-04-30,6,27,30,23932.849249006176
10,2029-09-27,3,1,36,49813.97020995349
11,2020-09-03,24,26,40,17085.09772699354
11,2022-07-13,14,56,19,25386.46120241359
11,2023-05-29,7,15,35,20598.245153015298
11,2024-06-29,2,73,40,15974.232760516375
11,2027-09-12,4,19,36,25456.890313595417
11,2028-07-28,19,76,39,27287.940624900726
11,2029-08-24,9,72,39,21550.43597537104
12,2020-09-01,9,76,36,16896.178805124648
12,2022-07-09,8,18,4,24725.61955266298
12,2022-12-19,5,30,11,13982.276364264182
12,2023-03-26,22,58,4,23487.605212899194
12,2023-03-28,3,59,44,23066.059533371477
12,2023-05-30,8,64,34,22414.483540685498
12,2025-01-19,9,4,14,28478.925548789935
12,2025-07-15,2,76,2,15632.524249299122
12,2026-03-10,5,0,26,19265.00495726341
12,2027-06-01,13,14,34,23201.083931662626
12,2027-09-16,8,80,37,15157.918783872288
13,2020-03-25,18,5,11,30482.72391057979
13,2020-05-30,2,40,16,25706.88942298055
13,2021-01-09,21,73,37,26062.0459787674
13,2022-04-13,17,16,18,26780.18093021651
13,2022-07-09,14,15,41,20515.878329583487
13,2023-08-17,24,51,32,69969.83133447275
13,2024-07-30,10,85,6,16624.827474981088
13,2024-08-19,6,66,23,30966.761298478385
13,2024-11-20,2,60,22,14569.698264596587
13,2024-11-29,3,3,40,20038.670819120118
13,2025-04-11,8,23,37,30216.41550966532
13,2025-07-22,21,51,35,25697.160676687115
13,2026-03-06,17,52,5,17468.46327555254
13,2026-10-29,22,20,19,27658.56616846708
13,2026-12-25,20,56,3,29325.14238865396
13,2028-03-27,19,32,1,24522.251482054115
13,2029-04-01,21,69,29,26141.18066668013
13,2029-08-14,10,52,44,25706.793646249975
14,2022-09-05,7,99,26,22455.34626341344
14,2023-05-07,4,57,34,13577.716545664098
14,2023-10-24,0,36,46,27061.790224003613
14,2024-03-25,10,24,44,30536.72018982755
14,2024-08-28,15,31,29,22574.18423394533
14,2025-06-06,10,70,34,19118.666496440757
14,2025-08-03,16,90,17,19041.78274736019
14,2025-09-12,2,35,26,12579.457964235717
14,2026-03-07,12,24,38,44108.04936232625
15,2023-07-27,22,48,24,15941.42851558214
15,2023-10-18,20,10,21,22329.669677811107
15,2024-08-06,2,60,16,23504.274492148623
15,2025-08-19,3,56,6,27007.754965217246
15,2025-11-24,0,92,9,17692.392262467085
15,2027-06-11,15,4,8,17772.522916202786
16,2020-02-03,19,95,31,29008.91815027134
16,2020-10-07,20,87,18,26640.17534615136
16,2021-11-27,2,78,24,21281.194354456296
16,2022-07-20,13,12,40,11997.543794198053
16,2022-08-09,20,32,29,28558.975908098226
16,2022-09-27,18,87,11,17365.552446603368
16,2022-10-21,9,25,24,18106.046644601494
16,2022-11-11,14,36,43,15365.977296070863
16,2023-04-16,11,55,9,28445.066085040173
16,2023-04-23,23,53,11,25163.39978923858
16,2023-04-24,21,50,17,15089.204203622825
16,2023-05-11,1,41,3,18060.16675955892
16,2026-02-16,2,56,22,19923.388642526465
16,2026-05-31,18,37,44,24871.914479011095
16,2026-07-01,23,16,5,17813.273494384815
16,2026-08-03,20,54,44,19101.39038958899
16,2026-12-13,15,74,9,25629.419854498214
16,2026-12-18,21,96,46,13963.31776339906
16,2027-04-01,9,56,2,32211.323936502526
16,2027-11-23,14,21,44,23293.655222658763
16,2028-08-09,20,12,40,19048.236005675848
16,2028-12-28,7,81,12,30023.61681665624
16,2029-05-04,24,29,38,41632.93580593552
16,2029-07-27,3,30,24,37407.8656236926
16,2029-08-20,10,80,45,18115.44006197318
16,2029-12-13,17,4,39,41905.95528835617
17,2020-04-12,19,28,41,14342.1435952508
17,2020-09-15,22,38,41,19302.437340479337
17,2021-06-25,16,64,17,27788.8521102996
17,2021-07-30,21,92,43,8330.008853281895
17,2022-12-19,14,47,43,20419.172248447983
17,2024-03-01,21,29,30,35944.21352343196
17,2024-06-15,2,50,0,16198.658474892687
17,2024-07-30,4,5,2,22907.55787235461
17,2028-05-15,3,59,4,21636.617071633387
17,2028-05-25,18,48,40,15148.624964670238
17,2029-04-24,8,61,18,16679.252462750264
18,2021-05-30,2,97,35,22789.500479113758
18,2021-07-09,14,47,42,14317.550259927464
18,2021-09-24,20,12,31,22094.189144752163
18,2022-02-16,14,11,42,22492.577064064422
18,2022-04-28,7,42,9,26866.60118004455
18,2022-05-18,1,42,15,19621.985405517684
18,2024-02-26,14,56,15,25301.805663785377
18,2025-07-10,3,30,34,33941.10130066644
18,2026-01-21,5,14,42,15193.991769241924
18,2026-02-08,1,50,17,18396.85374492031
18,2026-11-26,8,4,44,16408.379110126825
18,2028-05-01,18,95,46,31224.21284805269
18,2028-11-04,8,18,8,35447.39497743309
18,2029-08-04,3,87,23,23381.90960782432
19,2021-06-03,16,14,4,21045.9720969911
19,2021-06-23,11,30,37,41769.01235608591
19,2023-08-19,5,33,3,12263.38975353456
19,2025-05-04,24,46,32,26278.204857348992
19,2026-08-28,14,64,14,23963.75022732613
20,2020-06-26,14,82,1,18273.188295998185
20,2020-09-06,12,54,43,20693.260052240945
20,2020-11-26,19,18,4,18456.844806987996
20,2021-02-10,20,83,35,28850.423829627267
20,2021-03-18,22,56,4,18998.203852525603
20,2021-04-15,18,28,27,20730.103626212327
20,2021-05-31,19,81,37,28420.915919036
20,2022-07-07,11,71,23,25955.250884570214
20,2022-12-31,5,34,44,30626.8714819975
20,2023-04-22,16,77,27,17892.32486565056
20,2023-12-19,23,6,18,22815.564030986123
20,2024-08-21,14,51,26,28109.38079274374
20,2024-11-03,23,94,23,27561.85640516229
20,2025-04-26,2,10,5,18619.14605256782
20,2025-09-09,4,84,30,18444.63061155811
20,2026-02-24,12,76,33,24516.573710137007
20,2026-04-19,21,15,26,21888.78144594027
20,2026-09-25,11,13,36,32315.40946723666
20,2027-06-17,11,19,43,17176.569516903677
20,2028-01-31,13,57,14,24153.627534367595
20,2028-03-07,10,54,20,26605.910054132044
20,2028-07-19,10,44,0,28215.44789673675
20,2029-02-07,17,7,37,26452.63567129812
20,2029-06-23,19,84,44,20634.003288472042
21,2020-10-12,23,81,1,32586.182967104098
21,2021-01-10,12,53,29,22165.696109641794
21,2021-04-11,13,14,18,26332.181666235007
21,2023-08-21,1,19,10,20068.76635973337
21,2023-10-28,11,39,46,27026.844488952647
21,2024-08-23,6,96,32,22676.8257401141
21,2024-12-19,15,77,28,21183.059979860358
21,2027-08-09,16,85,19,17232.17913849258
21,2028-06-17,21,10,17,24276.15582306526
21,2029-10-02,18,84,25,28114.84171507295
22,2020-02-01,23,55,11,31176.917056508802
22,2021-06-13,17,90,14,27931.177253352977
22,2022-04-17,6,98,8,16288.176989624604
22,2022-06-22,19,7,0,41262.780855985475
22,2025-08-11,2,50,2,26561.974584307256
22,2028-07-27,9,41,7,15302.070364448347
23,2020-03-17,2,40,36,26595.668755716317
23,2020-06-03,11,36,4,14265.148840405673
23,2021-12-04,22,46,5,22533.116881317474
23,2022-06-26,24,21,4,21075.843073328768
23,2022-11-14,5,77,9,18599.363415803567
23,2023-03-31,12,2,20,16828.407980349617
23,2023-05-25,18,7,22,19123.792287112185
23,2024-06-28,12,39,21,29511.518390188783
23,2024-10-24,22,81,26,21945.688338182852
23,2024-11-23,7,55,37,17977.054731058917
23,2024-12-06,15,56,40,18918.906546088925
23,2025-01-12,20,40,9,23706.1543667009
23,2025-07-16,24,72,37,23697.05750356647
23,2025-09-09,9,59,28,23614.471003407172
23,2025-09-21,16,65,12,17194.60311123916
23,2028-07-10,5,98,40,17211.51441108953
23,2028-09-14,11,93,41,20001.933992861643
23,2029-02-20,7,13,9,24931.30286998707
24,2020-12-13,17,48,41,34885.32992740476
24,2021-06-20,4,20,11,17467.4960596251
24,2021-10-12,11,36,24,21901.165588975862
24,2022-01-08,10,98,31,19528.57113129819
24,2022-02-25,4,19,4,23558.164907151877
24,2023-04-26,16,98,34,22109.832990159917
24,2024-04-23,18,70,2,17755.786355239936
24,2024-08-01,21,76,3,16305.229941012645
24,2024-08-09,21,92,15,25575.73904004145
24,2024-11-28,16,66,39,20994.555916203462
24,2025-01-16,10,77,30,20660.229571328255
24,2025-08-15,1,57,6,24179.78589939461
24,2025-09-13,0,46,19,27093.339385148443
24,2026-04-04,9,32,46,20199.283416390692
24,2027-03-31,1,31,45,28489.699701844544
24,2027-06-11,11,39,41,17185.6621104263
24,2027-10-31,4,76,45,25740.06365824504
24,2028-11-06,2,42,6,21904.471196776572
24,2028-11-16,4,85,44,21319.383374462323
24,2029-02-03,22,10,32,34289.92523512218
24,2029-04-18,20,85,27,24847.5271779003
24,2029-04-28,23,56,2,22189.024468073778
24,2029-05-13,21,43,39,22681.453193230554
24,2029-07-20,10,10,37,24265.614064219903
24,2029-09-09,19,76,32,14440.049893754913
25,2020-03-18,6,19,35,38671.23232284478
25,2020-04-25,3,91,41,18812.43739218958
25,2020-08-01,11,70,6,23271.916256940094
25,2021-01-10,14,44,1,17121.383311651993
25,2021-10-25,19,17,16,28615.28203578029
25,2022-08-16,9,60,12,29371.533848149367
25,2022-08-23,2,47,14,11647.318754850274
25,2022-08-31,3,6,15,18525.97171984743
25,2023-01-22,16,18,27,17283.550921566886
25,2023-10-05,4,4,18,17540.36721440327
25,2024-02-15,14,98,18,42022.25917587439
25,2024-08-26,12,64,23,18401.403288471425
25,2024-09-15,2,14,31,16822.551199912148
25,2025-04-05,19,0,5,24404.596940400806
25,2026-11-05,24,95,28,34041.75309326837
25,2027-12-23,9,10,10,42486.46696982362
25,2028-02-26,3,99,18,29293.682325211597
25,2028-09-22,16,67,26,17497.192721574804
25,2029-04-21,22,17,45,23043.018924672277
26,2020-05-29,9,45,3,26551.857318018854
26,2020-06-28,1,40,19,22339.1087747868
26,2020-09-15,1,37,12,22061.143115017832
26,2020-11-19,19,23,34,27268.418047385272
26,2021-06-30,11,69,21,31931.392430071155
26,2022-02-06,16,46,4,31377.05073018663
26,2022-09-17,9,54,0,14822.921888627772
26,2023-04-18,3,10,20,15718.715830091636
26,2023-10-20,15,88,31,22835.889757864323
26,2023-12-10,1,93,22,24335.56655767114
26,2024-01-02,11,30,46,33062.72230139136
26,2024-02-13,2,93,27,25702.194342566276
26,2024-11-24,23,56,24,21105.441020534192
26,2025-10-12,17,60,16,19244.495649783465
26,2025-11-24,12,60,2,19134.481573068653
26,2026-01-04,20,65,36,25529.13815280278
26,2026-11-23,7,73,26,38155.97449238707
26,2027-02-16,11,32,1,13174.779555941574
26,2027-05-15,24,74,21,21282.449532144023
26,2027-05-31,9,57,38,13901.690755102269
26,2027-10-19,20,23,8,18401.500572293608
26,2028-01-18,5,88,28,32315.525086582715
26,2029-02-14,24,87,29,13652.414922463882
26,2029-09-16,8,15,23,15989.921095256654
27,2020-04-17,17,73,23,27316.9502488726
27,2020-05-12,21,57,23,40872.97548134694
27,2020-10-29,10,82,4,14559.071695421808
27,2021-05-12,4,30,31,20316.28275488517
27,2021-05-17,2,57,11,27060.09569176399
27,2021-07-17,12,40,41,20441.26141459502
27,2021-10-17,4,77,43,22804.254314736216
27,2022-08-24,11,49,36,22477.173102296794
27,2023-02-15,3,3,11,29480.116121448522
27,2023-06-20,22,92,30,22521.561858322584
27,2024-03-03,24,9,36,37294.54143631741
27,2024-11-16,20,7,4,17596.477853396005
27,2025-01-17,21,66,22,13213.380484109186
27,2025-03-29,19,11,4,34568.81021486792
27,2025-08-06,17,15,16,26731.897248927675
27,2025-11-23,24,52,36,35903.30615432933
27,2026-01-29,9,20,45,15444.719534437465
27,2026-11-11,22,62,12,16490.223379543608
27,2027-06-28,22,8,35,12995.756421946508
27,2027-07-12,11,65,43,35078.56687694044
27,2027-12-16,11,65,14,11946.938674471043
27,2027-12-31,2,87,20,30258.346599813485
27,2028-09-09,22,57,13,33209.44051215367
27,2028-10-05,1,16,4,31375.705279808255
28,2020-11-28,20,98,36,16614.582691487867
28,2021-05-27,19,68,5,14893.187160951155
28,2021-12-02,18,5,1,24587.156051107406
28,2022-07-12,16,36,5,11846.258638331688
28,2022-10-23,20,70,17,21445.368668349605
28,2023-05-30,5,41,45,21811.476944168786
28,2025-08-20,18,74,9,26927.457358293326
28,2025-08-21,3,66,9,24716.334867017235
28,2029-11-05,24,16,27,21662.451396058215
29,2020-09-02,14,53,30,16387.632051455766
29,2021-06-19,16,71,6,17363.718252316918
29,2023-04-01,15,31,43,21616.155865282093
29,2023-04-03,19,53,15,18655.666419628764
29,2023-07-04,23,44,25,18787.043101578798
29,2023-07-04,24,20,31,39712.351527040446
29,2023-07-31,14,15,17,21330.449652833344
29,2024-07-21,14,9,44,29335.178204518
29,2025-01-15,4,12,3,16145.994886873055
29,2025-03-17,10,77,9,25622.187508605137
29,2026-12-06,15,80,34,16030.299729012471
29,2027-04-21,24,73,26,18879.650441914608
29,2029-09-14,10,73,46,15377.13019311474
30,2020-06-08,22,42,30,33191.93754003873
30,2020-07-04,1,72,35,27646.441841623237
30,2021-01-03,16,58,15,17855.776487511634
30,2021-03-24,18,39,46,30818.56272913825
30,2021-07-26,19,40,10,20440.82055605774
30,2022-03-08,17,36,4,18785.670593428535
30,2022-03-26,16,5,2,13980.834149310553
30,2022-05-31,1,6,18,23486.803124435468
30,2024-03-08,17,46,9,11041.58248486721
30,2024-05-01,24,70,17,18532.00521249744
30,2024-05-28,18,43,32,26185.65678572605
30,2025-03-27,9,63,1,22260.722143075094
30,2025-04-29,11,42,43,55473.69606079196
30,2025-07-20,9,68,0,21296.57594656259
30,2025-10-28,4,77,32,36079.86794288929
30,2027-05-09,23,6,37,16536.70720127606
30,2028-02-27,24,51,23,26482.780544971956
30,2029-04-03,4,12,25,20281.907081932637
30,2029-04-15,22,72,19,24182.27114531143
30,2029-07-02,13,17,16,20613.657491820963
30,2029-10-12,19,60,16,21197.20733614229
31,2020-05-09,6,2,28,23412.82178379444
31,2021-11-29,4,87,15,13603.278432988827
31,2022-04-15,16,99,39,14376.121602171672
31,2022-04-29,21,61,33,15923.25023285473
31,2022-05-26,17,34,35,16937.993673709476
31,2022-10-06,17,38,14,34337.153579757156
31,2023-04-04,9,91,5,16136.291645797104
31,2023-05-04,22,26,44,22543.690205993484
31,2023-07-08,4,52,44,17555.012074546907
31,2023-11-03,21,98,46,28695.39474669854
31,2023-11-19,20,32,30,20803.955098399852
31,2024-03-23,5,58,34,36539.256805508354
31,2025-04-15,22,17,33,18142.783090067136
31,2025-12-15,20,29,3,39058.85898463291
31,2026-04-14,9,15,36,34784.84989689734
31,2027-08-03,12,44,9,25891.577793990782
31,2027-08-20,19,61,12,21973.846014310755
31,2027-10-22,4,13,39,14547.29116020575
31,2027-11-27,10,61,22,17010.98753080444
31,2028-04-22,7,6,42,29081.376464933626
32,2020-05-28,15,23,18,22349.438761484584
32,2020-08-30,20,73,14,18440.079764563903
32,2024-07-24,15,83,12,18120.645983471113
32,2024-08-19,22,60,6,14478.639840409078
32,2025-12-31,5,53,11,16997.180716782008
32,2027-08-22,0,70,10,26079.132983940548
32,2028-06-23,10,36,41,19031.720857567685
32,2029-10-31,0,38,36,17166.497869259227
33,2020-09-09,18,68,9,26677.551891589297
33,2021-01-07,1,58,8,15316.640642991117
33,2021-03-15,9,58,41,23888.13205215356
33,2021-07-01,4,58,38,12817.098384577312
33,2021-11-04,16,56,7,13380.369930498126
33,2022-02-01,23,43,18,18526.707169730278
33,2022-08-22,24,34,21,27595.724685616828
33,2023-01-22,3,42,10,20502.776314659477
33,2023-04-23,19,28,14,17518.666578086013
33,2023-05-21,8,83,23,13348.755195038606
33,2023-08-18,0,33,24,22692.72554705193
33,2024-03-10,22,70,30,13517.45738451135
33,2024-06-29,5,17,30,16427.85135165144
33,2024-07-18,16,41,5,25598.14472821377
33,2025-03-21,5,51,43,18055.630827527682
33,2025-08-20,22,15,40,26138.89203775059
33,2026-02-03,4,64,29,21696.984509256352
33,2026-05-14,5,78,40,27628.89343596939
33,2027-08-18,22,74,31,21594.1140835351
33,2027-10-08,1,85,7,25926.167289454534
33,2027-11-22,2,72,7,16792.791777724568
33,2028-03-13,20,32,45,16776.44169786017
33,2028-06-18,16,57,33,23811.328897839332
33,2028-06-29,24,31,43,22346.5110787776
34,2020-09-18,2,60,2,29788.802378402266
34,2020-10-26,13,44,44,19626.44826226464
34,2021-02-17,14,76,43,18376.06798427525
34,2022-01-01,16,16,46,33944.10859772919
34,2022-02-11,1,84,26,20724.8011276594
34,2022-07-01,24,2,19,10493.451238123525
34,2022-08-17,18,76,43,23773.487139723296
34,2022-10-10,11,19,17,26189.704071758384
34,2022-11-08,23,27,37,17015.432245699172
34,2023-03-21,5,98,8,18526.037224867985
34,2024-07-05,7,69,13,21021.412275120427
34,2024-08-28,18,7,35,18114.158837371255
34,2025-03-08,23,2,25,22341.910794473282
34,2025-03-11,17,48,14,17342.77762268595
34,2026-11-23,7,26,4,24620.722909773063
34,2027-06-03,20,44,7,25820.944744590914
34,2027-11-20,7,94,2,22606.14240674646
34,2028-06-16,4,64,18,31267.50375444157
34,2028-08-02,11,48,28,28302.562680690055
34,2029-03-06,7,38,9,24374.20789256073
34,2029-10-01,12,10,43,15694.850495269004
35,2020-03-07,17,74,37,23639.737500829742
35,2020-09-06,20,86,27,19028.975690015985
35,2022-01-23,7,28,19,24026.97549432575
35,2023-05-26,6,24,7,12566.155702869652
35,2023-08-10,12,59,34,36422.10660832685
35,2023-09-13,12,72,15,14135.209993075521
35,2024-05-09,8,26,21,19974.124509247224
35,2024-08-17,17,67,8,28605.017286775605
35,2024-08-22,18,28,9,11346.44102090965
35,2024-09-01,4,38,24,19413.12486537171
35,2025-04-07,6,47,20,28249.23550264251
35,2025-08-07,8,97,31,31042.925305995508
35,2025-10-01,14,12,46,20625.219248101053
35,2025-11-05,13,38,17,19466.238988991056
35,2026-01-02,1,34,24,19488.452469527863
35,2026-03-26,1,44,41,19345.8372023852
35,2027-04-02,14,47,5,31582.680903340763
35,2027-04-11,9,33,23,24296.272248012738
35,2027-07-12,16,40,44,24793.471281407365
35,2027-07-22,2,24,37,11950.90921552656
35,2027-11-22,12,30,35,22148.510203085083
35,2028-01-28,9,19,12,27757.450181929333
35,2028-02-11,14,21,46,24380.744069768618
35,2028-02-14,15,26,21,16278.070399861826
35,2028-05-17,7,89,38,19821.965189049522
35,2029-08-13,14,7,35,41053.042932247845
36,2020-01-28,0,2,33,28257.12013410948
36,2020-06-23,6,88,36,24666.22425905047
36,2020-11-11,5,72,15,33080.238458167056
36,2020-11-19,12,58,36,24345.410532448575
36,2022-04-28,24,91,25,28591.986808583184
36,2022-06-14,11,7,39,19190.904659726482
36,2022-08-05,22,19,0,23729.30772200085
36,2022-08-08,10,77,39,15162.849283647092
36,2022-09-23,9,87,5,30069.35973517097
36,2023-02-22,5,40,1,16703.113242661122
36,2023-12-13,4,92,34,19446.329679780814
36,2023-12-28,13,23,43,26804.088126688708
36,2024-03-24,1,81,0,20313.429934440315
36,2024-04-21,22,92,5,38678.48354939034
36,2025-05-01,1,9,43,27642.136851171483
36,2025-06-23,17,82,3,26631.088683919756
36,2025-08-13,1,12,27,17463.4122072637
36,2025-08-19,5,13,6,22504.484313708246
36,2025-11-16,2,85,3,43530.09675837281
36,2025-11-17,7,24,39,19085.855042251937
36,2025-11-26,11,34,25,25430.231142146607
36,2026-05-10,21,69,21,24935.06864582252
36,2026-09-05,24,41,1,12918.089893268285
36,2027-02-10,14,62,14,34503.404987759044
36,2027-02-25,21,62,1,17069.468676730525
36,2027-03-26,18,12,33,19277.849509449243
36,2027-05-01,2,51,24,18901.471976008885
36,2027-11-18,2,63,27,16421.896656622906
36,2028-02-06,17,36,1,17037.547299957372
36,2028-07-27,13,17,40,23261.61547344522
37,2021-01-09,9,56,23,22897.11856094709
37,2021-07-22,9,34,31,32978.99141225367
37,2021-08-20,5,55,17,35523.72236729221
37,2021-09-23,10,46,6,45877.29419859435
37,2022-02-06,14,71,35,27384.43286120239
37,2022-10-27,23,80,31,16368.573965948517
37,2023-01-02,12,91,40,15714.72242178765
37,2023-04-24,22,9,5,23956.395145778562
37,2023-06-01,12,42,39,22397.7877921391
37,2023-12-20,19,76,20,23556.691690148393
37,2024-04-05,14,42,27,30584.770119863315
37,2024-05-07,23,71,15,25372.99014606702
37,2024-06-19,9,94,44,21006.71926287051
37,2024-09-20,15,9,23,18894.672765752555
37,2025-09-29,3,3,5,25445.718335163096
37,2026-05-31,21,48,10,38739.20242837441
37,2026-08-29,14,13,8,21210.76095233536
37,2027-02-05,18,31,20,19378.813855706503
37,2027-05-30,2,98,39,21662.211126054888
37,2027-10-18,15,40,11,34851.9753417659
37,2028-07-15,3,16,5,22761.3326402265
37,2029-02-22,9,41,38,13256.72978912366
37,2029-09-07,0,37,26,17376.216169779196
38,2020-04-20,22,26,28,28196.444719131512
38,2020-06-30,24,42,27,20296.07768910808
38,2021-03-04,13,10,7,27142.65920040402
38,2021-03-09,3,33,14,9807.807264312318
38,2022-03-29,21,98,35,13407.144271340789
38,2022-09-18,21,19,45,14935.203680896942
38,2023-02-22,11,14,36,16258.460321147233
38,2024-09-09,11,89,34,20376.19516086942
38,2024-09-29,2,57,38,19915.718836876564
38,2025-03-11,11,3,30,20552.125411721714
38,2025-05-16,17,64,44,36341.16710097704
38,2025-09-22,14,47,25,21670.594752455425
38,2026-08-29,3,98,15,14031.458367572668
38,2027-05-17,5,82,39,20461.023869973196
38,2027-07-19,4,81,19,14958.152233218032
38,2028-12-11,22,8,26,22516.31395566957
38,2029-04-28,11,39,21,38356.78938265879
39,2021-03-23,23,31,33,22421.274245032764
39,2021-04-11,21,62,33,18712.977922080325
39,2021-04-27,9,14,11,9943.845116361384
39,2021-12-15,10,71,27,22118.702300527104
39,2022-02-02,12,3,39,23375.07185657779
39,2022-02-04,10,25,29,21811.094011356472
39,2023-02-14,18,13,34,18693.708784993098
39,2024-03-09,16,49,26,30560.147064128236
39,2024-05-11,22,27,13,18543.99689121726
39,2024-05-26,11,45,29,22741.09839133567
39,2025-01-27,2,38,2,15804.377338378254
39,2025-03-07,12,80,11,21867.624176547426
39,2025-05-04,14,92,44,20319.44102767619
39,2026-11-21,21,17,20,34585.78009215275
39,2026-12-03,21,90,19,20404.42023962137
39,2027-03-02,19,49,39,17785.63281604021
39,2028-10-17,16,61,22,30883.2581577995
39,2029-01-31,0,43,41,47667.63528229011
39,2029-11-26,14,75,27,21092.902245889672
40,2020-05-13,7,68,18,29164.38400543862
40,2020-08-30,20,16,44,15925.565686425593
40,2021-02-23,9,4,28,25509.65707730644
40,2021-07-13,12,71,32,14439.842303611445
40,2021-07-18,13,23,31,32010.70182007361
40,2021-11-19,18,95,31,32256.23150431059
40,2022-12-12,2,56,7,15265.66789138563
40,2023-03-29,5,40,28,19874.51867811388
40,2023-08-18,9,73,17,19765.833597034944
40,2024-08-29,15,21,5,15785.18698024381
40,2024-10-19,19,17,13,19683.849531143398
40,2025-12-20,19,68,10,25166.75089654055
40,2026-03-01,18,14,17,27350.815352927075
40,2026-05-04,24,28,18,37260.20451591364
40,2026-12-12,11,1,31,19703.8187319329
40,2027-02-16,17,21,31,11825.138553360222
40,2027-04-28,13,87,31,17442.324841713234
40,2027-09-23,22,78,40,20494.306207094764
40,2028-07-09,17,27,27,18819.407310634277
40,2028-09-09,17,96,2,15697.935229370452
40,2028-09-11,6,94,37,27279.738579585566
40,2029-02-14,1,72,22,27263.061066691927
40,2029-08-15,4,96,26,31188.31988385077
40,2029-09-17,7,18,45,26496.837946555075
41,2020-07-07,20,58,1,26418.05575313131
41,2021-05-23,14,58,0,15000.985744889866
41,2021-06-18,10,87,3,13808.108180851488
41,2023-05-21,8,11,41,11794.884241997752
41,2024-01-07,17,50,13,30173.0001211474
41,2024-10-18,22,16,41,37288.42570247542
41,2024-10-25,15,34,20,17831.05524592863
41,2025-06-27,18,80,17,20073.103592099942
41,2026-07-11,24,93,5,20837.913253565614
41,2027-01-15,12,57,4,24290.48300359236
41,2027-02-08,12,65,17,15133.497254297046
41,2027-10-16,14,62,20,29062.6204187524
41,2028-03-12,20,85,44,18829.556976607597
41,2029-04-15,10,70,36,14435.729260097485
41,2029-04-16,24,86,25,26315.94682027637
42,2020-02-04,14,44,46,24157.26714200708
42,2020-11-15,18,28,33,24828.335348401903
42,2021-11-08,12,80,19,23465.9388987741
42,2022-05-22,13,78,43,13186.50823159172
42,2022-10-22,11,85,41,36641.50563078362
42,2023-11-08,13,88,8,30668.475968789317
42,2023-12-10,10,17,15,23184.972980514005
42,2024-12-17,2,12,8,14699.141553908048
42,2025-05-10,7,49,5,22794.357234537038
42,2027-03-12,2,67,36,21653.368557190737
42,2027-08-17,0,1,44,21779.17657443605
42,2027-11-22,0,27,30,18704.59087328404
42,2028-02-21,13,83,5,21396.573394545634
42,2028-03-12,3,40,23,23042.382773209578
42,2028-06-09,18,93,24,27528.558293582893
42,2029-11-17,4,48,8,19750.149429195157
43,2020-06-12,12,64,18,25381.586387278305
43,2020-10-17,11,40,8,16423.822753423035
43,2020-12-03,8,10,19,29578.626304718167
43,2021-04-06,15,81,38,23359.37254918243
43,2021-12-08,24,9,1,13216.547457282202
43,2024-05-03,11,69,43,24896.33360206809
43,2025-09-18,23,50,18,18733.56466695359
43,2026-08-02,0,33,13,29993.82155290955
43,2026-09-23,24,88,1,22148.613551879527
43,2027-01-18,13,89,25,23784.964594336114
43,2027-03-25,7,70,38,20843.657808217653
43,2027-03-31,7,63,24,17439.77127444076
43,2029-07-04,6,66,38,24447.28660902239
44,2020-08-13,21,94,42,18261.57540457917
44,2021-07-16,5,63,22,25727.036096977878
44,2024-05-19,9,89,27,29861.073438884116
44,2024-11-14,14,78,38,15004.822223385998
44,2025-09-25,4,68,20,36302.516152215794
44,2028-03-08,1,31,5,12679.448465081043
44,2028-04-21,3,1,45,22199.55039245686
45,2020-01-11,0,31,2,16436.142896906305
45,2020-10-09,9,99,19,27176.093865584484
45,2021-09-08,13,3,14,31094.368291208935
45,2022-01-04,16,5,25,17025.92848246503
45,2022-12-13,15,58,32,18334.588908184443
45,2023-09-02,17,58,0,18533.008271860897
45,2023-10-04,8,67,4,17560.10980486528
45,2024-01-15,15,72,10,14443.527523517709
45,2024-02-15,8,98,6,16697.762813487225
45,2024-02-20,9,72,19,22847.636245697828
45,2024-03-07,16,86,3,23282.349891516173
45,2024-09-13,10,31,26,48519.187607000786
45,2025-04-16,12,19,11,30214.962841213764
45,2025-07-13,23,69,15,21400.766755890974
45,2025-10-19,5,47,8,17716.945900399653
45,2026-01-27,20,88,0,17837.300411570148
45,2026-06-08,7,94,32,14683.719152072734
45,2028-01-29,8,9,36,25539.852907332977
45,2028-04-17,14,47,37,47478.17266086885
45,2028-05-29,23,15,1,23295.83875372302
45,2029-08-13,17,91,41,16567.20359993768
46,2020-01-06,23,93,19,21796.473134131298
46,2020-09-12,21,16,15,29488.815501279758
46,2021-01-16,7,66,26,37938.98792264734
46,2021-03-01,16,30,26,37467.91293801877
46,2021-03-22,3,21,28,20450.127769209772
46,2022-08-14,6,17,37,17709.541608716365
46,2022-12-21,2,20,43,23232.566464757438
46,2023-04-09,10,50,44,26543.574668587804
46,2024-01-07,14,39,29,26534.51531620177
46,2025-03-23,13,15,34,21540.065062952184
46,2025-07-08,4,91,17,18249.808807669346
46,2026-07-06,16,17,40,18606.382895013
46,2027-11-10,14,95,5,27236.835450797436
46,2029-03-12,2,75,36,26628.099828454277
46,2029-04-30,10,57,17,13751.90424474725
47,2020-04-30,21,54,11,15017.559477370905
47,2020-07-19,8,22,1,26454.34572956281
47,2021-01-08,11,50,32,24687.673644050235
47,2021-05-12,1,99,14,28287.53836983821
47,2021-05-16,14,6,10,23442.50967835892
47,2021-06-19,12,47,43,25279.62523961343
47,2022-10-20,14,13,8,30461.967512018262
47,2023-12-20,5,35,17,15925.598113418457
47,2024-07-14,17,95,35,26054.27482221486
47,2026-06-08,23,50,31,23896.174232647867
47,2027-01-25,18,75,16,21567.66079950415
47,2027-03-30,4,11,21,25056.42262184448
47,2029-02-11,0,8,12,13382.614523611393
47,2029-04-07,6,41,9,14755.876546956897
48,2020-01-03,19,25,8,23364.345270913174
48,2020-04-16,19,28,1,22670.872575587353
48,2021-12-20,1,11,3,19304.252405559568
48,2022-08-10,0,67,30,33999.23710662499
48,2023-07-26,18,3,45,32103.70868080689
48,2023-11-10,12,34,11,18867.319578049897
48,2024-01-04,5,12,15,19334.592571931178
48,2024-04-15,15,69,31,29187.188494611182
48,2024-04-17,13,25,41,22214.389039678223
48,2024-08-14,1,11,17,27023.17767662914
48,2026-04-25,15,69,19,20825.60476087814
48,2026-12-02,20,37,31,21766.63243309438
48,2027-05-14,8,68,3,20075.35782288867
48,2027-11-09,18,72,9,16841.777076455335
48,2028-07-26,18,49,22,23544.32588833971
48,2029-02-02,1,60,33,19174.13306325785
48,2029-05-30,5,30,37,19079.608262976275
48,2029-11-27,1,78,39,30210.53114538381
48,2029-12-02,20,69,1,22223.972816833208
49,2020-01-08,24,72,2,19754.733882634104
49,2021-08-28,24,14,33,14105.666683683074
49,2021-11-18,22,85,40,18828.783060244852
49,2022-01-15,19,28,40,19270.85719050676
49,2023-05-21,4,20,46,22576.96001266118
49,2024-11-24,20,40,11,30322.464290321637
49,2026-05-05,15,18,21,34064.64572337395
49,2027-06-05,18,12,21,28764.269073079628
49,2027-09-21,4,22,46,43899.99288918891
49,2027-12-06,7,85,37,18860.281181732855
49,2028-01-15,10,7,1,30018.026449601806
49,2028-03-06,14,1,16,19417.770964898034
49,2028-05-10,7,44,20,35378.92715333896
49,2029-02-18,12,39,46,33617.573567193744
49,2029-08-26,2,47,45,23863.731616612797
50,2020-10-30,5,48,10,35071.71162294698
50,2021-02-19,18,83,43,17494.830748362387
50,2022-07-12,14,9,2,21798.45846765327
50,2022-10-19,11,32,6,20240.98154115382
50,2023-04-22,10,33,6,23629.812132322288
50,2026-08-30,22,3,27,29593.106348100886
50,2027-05-01,19,55,10,20656.872396612318
50,2028-01-29,1,49,28,14715.62078040987
50,2028-03-17,17,11,21,16325.666622680887
50,2028-03-19,5,52,31,16720.727827677165
50,2029-11-20,11,69,24,16297.349561335071
51,2020-01-16,2,37,42,23154.297107047296
51,2021-02-18,6,24,26,21702.025736940443
51,2022-08-30,1,50,36,15727.772750040294
51,2026-03-01,4,6,23,24704.061044418137
51,2027-01-04,6,12,1,25533.21363696968
51,2027-10-26,21,36,19,26969.067704106186
52,2021-09-11,2,85,22,18192.84860050779
52,2021-11-30,2,60,7,24022.606252255086
52,2022-01-27,12,47,11,18782.876578928466
52,2022-12-14,8,72,3,18645.439498389027
52,2022-12-21,20,69,24,18190.922860543877
52,2023-05-09,12,91,2,17159.261364156922
52,2023-06-17,15,62,42,46008.89571913303
52,2024-12-30,8,56,29,18270.77087690104
52,2026-01-02,18,30,30,18560.2246800889
52,2026-03-17,12,66,26,33730.281523265534
52,2029-01-23,24,75,14,31467.32419681126
53,2020-06-23,2,87,27,26632.2867235674
53,2021-02-06,4,38,28,21808.648889280877
53,2021-08-30,3,72,6,19607.93346646798
53,2021-12-09,6,24,8,18663.650482814282
53,2022-04-07,19,33,20,23409.024894794602
53,2022-12-17,20,62,36,24351.215301945478
53,2023-01-05,0,43,19,14562.48866000489
53,2023-06-27,15,89,43,17689.402103381228
53,2024-06-15,8,66,29,35040.210778452085
53,2024-07-08,19,77,43,40257.89294481784
53,2025-11-10,3,53,9,18327.599880692513
53,2026-05-28,3,96,28,25372.588235380477
53,2026-10-13,6,56,13,18858.45456368002
53,2026-10-30,1,22,17,26837.710396487222
53,2027-09-29,1,95,30,17335.48484106288
53,2027-10-12,1,50,21,20887.701750164764
53,2028-02-26,2,49,35,13978.514699896323
53,2028-09-05,8,93,26,37735.906946581694
53,2028-10-23,17,44,26,23998.812218690473
53,2029-03-28,23,62,33,23556.012753862786
53,2029-10-17,22,79,37,37750.85116833927
54,2020-03-23,15,16,41,25647.008325988172
54,2020-07-22,18,99,13,26296.63989106371
54,2020-07-26,22,25,17,19018.51328648889
54,2021-05-22,7,47,31,27026.345996900567
54,2021-12-10,7,32,38,30333.330604724808
54,2022-04-26,20,52,32,28173.71286723974
54,2023-06-28,4,99,33,31461.441071585243
54,2024-02-17,16,50,40,30129.145254044965
54,2026-03-08,11,20,16,26243.626947682464
54,2026-08-30,5,60,37,38330.92143921558
54,2028-05-25,9,3,24,19775.762936748757
54,2029-01-10,22,90,41,31281.70425822661
54,2029-03-16,16,20,4,21918.211184341097
54,2029-05-21,7,4,29,18783.598881281247
54,2029-08-11,20,28,43,30718.214817847194
54,2029-11-10,5,24,12,47008.312547287984
55,2020-04-14,9,33,26,23326.13583130844
55,2022-06-12,9,86,33,26758.647370635932
55,2023-08-24,8,83,45,24602.466783909887
55,2024-07-15,23,4,37,22335.463024104447
55,2024-10-01,11,58,16,33344.48589891772
55,2025-05-27,10,35,40,17238.823487487443
55,2025-09-26,17,82,38,23017.592778389313
55,2026-10-30,9,87,6,31632.890280684176
55,2027-04-22,6,19,33,19574.801029803784
55,2027-05-29,21,17,46,32323.03971441059
55,2027-12-10,10,92,45,14647.766679017626
55,2028-08-01,1,76,25,22217.23119804377
55,2029-03-30,18,13,0,20949.385138143083
56,2020-08-09,4,25,21,26433.011746302374
56,2020-12-31,11,28,19,23523.26236289485
56,2021-05-05,16,38,26,23949.589378184468
56,2022-01-08,15,42,40,19265.47505329641
56,2023-04-18,15,16,16,42149.42902149038
56,2023-04-19,3,60,3,35356.44533807816
56,2023-05-14,21,71,11,26732.765233468766
56,2024-08-03,4,40,45,23294.73706373748
56,2024-09-18,11,33,37,23737.58901561825
56,2027-09-12,21,45,32,27553.25812414809
56,2028-02-18,21,42,41,20083.754421569683
56,2029-09-18,15,24,32,21405.67473272701
57,2022-02-19,21,0,40,13947.337775411626
57,2022-05-07,18,97,10,30396.7059604123
57,2023-07-02,3,49,32,24665.568506474352
57,2023-07-07,0,57,17,23347.075240125883
57,2024-04-19,1,68,12,17853.659059324542
57,2025-06-28,4,78,27,16188.322212087503
57,2026-08-08,5,8,2,35230.138716108806
57,2027-02-07,12,54,30,22922.881945212386
57,2028-03-11,0,41,33,31524.30103054145
57,2028-03-23,7,88,22,18626.180910316456
58,2021-02-17,19,77,44,28616.455500098364
58,2021-03-18,1,88,7,27241.775395608092
58,2021-07-15,3,65,46,26770.621522910442
58,2021-11-06,0,29,14,14265.450299342754
58,2022-11-01,22,19,13,18597.38783348728
58,2023-04-06,23,66,38,21596.24901065664
58,2023-11-04,11,96,12,38729.12271050058
58,2024-09-03,12,15,35,23697.864418316134
58,2025-11-16,13,87,8,18646.9923131105
58,2026-08-12,3,46,45,25134.692321566316
58,2027-04-18,12,81,16,18946.674987121576
58,2027-10-18,9,53,42,15001.54808459581
58,2028-02-26,6,93,1,11388.487013860942
58,2028-08-25,19,6,42,16213.996908203444
59,2020-02-22,3,73,42,21727.286567073468
59,2020-11-03,8,82,14,20488.707970231288
59,2021-01-24,0,17,42,21490.250507073568
59,2021-02-12,1,37,23,15131.564007813025
59,2021-04-08,22,92,3,26710.628276169682
59,2021-04-27,3,13,31,21380.770897316994
59,2021-10-18,17,63,13,13937.557429867273
59,2022-03-24,24,33,33,38330.1127072194
59,2022-04-06,22,52,18,15978.104097970448
59,2022-12-07,0,90,43,17981.204724750452
59,2024-06-27,8,49,44,26132.373379532353
59,2025-02-13,8,59,3,24480.119519681837
59,2025-05-31,5,78,24,23364.109711766207
59,2025-07-16,2,99,32,23694.585350490448
59,2026-12-21,23,11,23,24411.695102100806
59,2027-04-04,10,45,28,30797.498541439967
59,2027-09-19,10,30,0,17897.701558579167
59,2028-09-26,19,3,43,27247.066073750568
59,2028-12-27,13,94,7,33966.478175262244
59,2029-02-20,5,14,25,25261.22690399518
59,2029-06-20,3,53,37,32818.437621254416
59,2029-07-16,13,83,10,25192.776057164665
59,2029-11-13,15,62,7,21441.408151024498
59,2029-12-14,14,5,4,33929.3318182226
60,2020-05-26,2,77,39,27670.56237251918
60,2020-08-11,20,20,32,17956.08803589301
60,2022-06-27,10,45,40,15560.494745998656
60,2022-10-15,11,84,43,14339.417165570052
60,2023-02-13,16,28,35,19266.921066245348
60,2025-02-23,18,57,5,19231.562801804524
60,2025-07-30,3,51,26,13695.589873569246
60,2025-11-12,13,84,46,21762.696532154514
60,2027-02-24,16,71,13,27882.096173052636
60,2027-03-12,4,71,39,22889.448621485393
60,2027-03-20,12,30,5,12495.673966579709
60,2027-05-05,10,46,3,25025.16677596622
60,2027-11-15,1,21,31,28658.595287182565
60,2028-01-11,3,12,42,22002.673292919477
60,2028-06-04,10,30,21,18109.877854471233
60,2028-08-09,21,43,33,37808.23178063381
60,2028-08-09,22,84,23,21713.437622621524
60,2028-12-20,17,66,23,34579.61033030276
60,2029-02-26,14,42,35,16480.071747447488
60,2029-07-08,15,21,4,28344.635427203255
60,2029-08-09,14,40,7,10644.90020022616
61,2022-03-13,3,50,13,22204.844209648243
61,2025-02-15,22,43,6,23447.398800835872
61,2025-06-01,22,74,11,20245.137335823496
61,2026-08-08,24,57,29,20452.22147680565
61,2027-05-21,15,0,33,17951.065035326876
61,2028-03-11,3,49,42,37771.34245835428
61,2028-04-03,17,55,37,16309.678719266956
61,2028-06-28,1,81,43,11937.97219337566
61,2029-03-20,3,32,39,20613.691044926723
62,2020-04-13,4,6,42,30177.92013469873
62,2020-05-12,14,13,39,41051.31965174379
62,2020-08-19,8,96,10,18759.00976024313
62,2021-06-27,16,69,44,18140.802586122576
62,2023-03-17,0,66,6,26650.189506441293
62,2023-03-19,4,7,44,32702.873239945577
62,2023-04-19,4,17,26,26154.45542200831
62,2024-05-11,16,89,18,37078.373012378885
62,2026-04-22,18,73,42,24786.281545815295
62,2026-10-03,22,70,20,33516.95237880275
62,2026-10-18,16,49,26,26695.568541370285
62,2026-10-30,8,50,21,18557.81555577608
62,2027-02-21,22,14,22,27159.087776414595
62,2027-04-06,24,75,34,25015.471787305665
62,2027-10-09,12,49,26,23373.8518688124
62,2027-12-18,21,95,34,28812.30886626862
62,2027-12-25,6,26,39,29067.910271213656
62,2028-01-05,21,44,43,22424.045254624794
62,2028-04-12,24,92,12,25767.01968538524
62,2028-05-04,6,79,28,19050.226110151587
62,2028-10-17,6,96,34,23371.669936715476
62,2028-11-02,17,6,0,18116.431061572268
62,2029-04-22,20,90,45,20008.166767059836
62,2029-09-25,23,82,35,17912.31339636942
63,2020-02-06,21,44,28,19054.223486504798
63,2021-01-11,7,27,42,13352.04422850718
63,2021-10-14,17,68,25,20389.73850409649
63,2021-12-12,12,5,27,21866.118608661865
63,2022-06-19,16,8,32,16206.411757876234
63,2023-02-17,4,20,37,41884.91878488152
63,2023-09-21,11,37,13,24828.983437886847
63,2024-01-06,22,40,33,26477.627015554353
63,2025-01-12,21,9,11,18543.78550722253
63,2026-09-10,24,80,39,22279.027486063427
63,2027-12-16,1,19,20,25106.8777342599
63,2028-06-09,17,96,41,26746.496770858103
63,2029-06-15,15,73,35,22834.07913773952
63,2029-06-27,0,42,29,36984.824211017694
64,2020-01-31,6,85,40,19193.64898260345
64,2020-06-04,2,6,11,28712.790981088714
64,2021-01-28,24,68,34,36504.04325106437
64,2021-09-21,14,91,21,20914.7893063098
64,2022-04-22,20,9,43,21773.468344389228
64,2024-04-11,12,32,34,15249.016697424524
64,2025-10-07,15,5,18,23560.704638363222
64,2027-03-15,1,87,20,35319.69534049906
64,2027-04-22,10,65,5,30155.7075923178
64,2028-02-13,0,66,23,14195.602832290764
64,2028-09-03,21,54,6,30442.7835016137
64,2028-11-27,17,9,36,26787.666719012803
65,2020-05-06,5,68,14,18674.392023708766
65,2020-07-05,11,64,6,24803.525021874102
65,2021-05-19,0,73,38,25928.033746790465
65,2021-07-12,17,37,40,18006.948490133247
65,2021-08-13,21,93,41,21858.25164092917
65,2022-11-25,12,57,40,13726.4835677584
65,2023-04-02,19,11,18,25545.310989786452
65,2024-03-08,17,71,9,31313.941909651046
65,2024-07-14,10,2,24,34302.10854630355
65,2027-07-20,17,0,41,33323.80902568302
65,2028-01-29,24,95,37,18257.499197635403
65,2028-07-31,12,50,42,23818.125126267918
66,2020-01-20,7,28,45,25415.442689592433
66,2020-10-12,10,62,28,19142.9473007331
66,2021-08-06,5,28,39,9371.58215104094
66,2021-12-20,8,17,34,18993.89755136426
66,2022-10-23,6,92,37,15742.180292737898
66,2023-09-06,22,74,9,24439.3829279414
66,2023-11-09,13,82,32,27764.391939797813
66,2024-01-09,15,70,6,29699.338322358304
66,2025-06-18,11,16,42,14936.983897525886
66,2026-01-09,9,26,46,19708.705100019888
66,2026-05-05,10,54,10,21718.589381512193
66,2027-03-25,9,85,4,19757.090480661533
66,2027-05-08,3,36,39,31202.329554342658
66,2027-07-11,24,70,29,13070.14455170966
66,2027-08-15,15,59,28,14989.456497138643
66,2028-04-18,8,46,8,22539.995034986463
66,2029-05-12,6,14,11,31089.633359620962
67,2020-02-13,19,87,10,41069.63809758635
67,2022-12-14,23,9,1,13808.304015171732
67,2024-01-09,7,97,31,30003.971529818748
67,2024-02-07,7,98,37,19838.987765984246
67,2025-09-21,12,46,32,20000.43864678335
67,2026-02-04,20,99,9,28426.199674450567
67,2026-05-08,23,93,30,25059.60570172598
67,2028-03-22,4,59,32,19835.383925136644
67,2028-06-28,14,20,11,24700.54619845794
67,2028-08-16,1,70,16,34552.24955444039
67,2029-07-11,18,74,25,19371.64061761425
68,2020-09-14,11,29,2,23662.262244899226
68,2020-11-11,6,19,11,12094.907734808445
68,2021-10-06,19,91,7,28995.568948377346
68,2022-07-01,11,44,31,27440.958806704835
68,2023-08-20,22,66,40,21558.374375904517
68,2024-02-05,16,32,24,22372.40963061161
68,2025-04-07,1,5,41,20766.472066614642
68,2026-02-07,12,83,24,27399.741638807205
68,2027-07-01,16,46,24,20379.552653252536
68,2028-11-20,19,0,32,21499.501460591062
68,2029-04-21,23,33,37,21781.871691577355
68,2029-11-21,14,21,14,22552.259897530992
69,2020-03-17,2,27,28,16123.421120501725
69,2020-06-09,1,21,16,21123.11276261033
69,2021-06-07,4,80,32,41213.13979005108
69,2021-06-17,24,86,41,24575.08246706796
69,2021-06-25,0,25,33,23511.145444972586
69,2021-09-25,20,74,16,35955.21659909991
69,2021-10-22,0,31,2,9238.394429923452
69,2021-12-27,19,76,2,25557.972096382073
69,2022-01-07,19,72,40,30713.4161120042
69,2022-08-01,10,92,7,24439.269975488853
69,2022-12-19,23,87,21,39112.97006400323
69,2023-12-06,13,17,16,23396.219161923498
69,2024-11-02,11,5,44,45298.29512582864
69,2025-01-31,7,48,24,20801.80997164237
69,2025-05-08,2,36,38,30187.89571264063
69,2025-05-26,15,26,37,29714.874756208203
69,2025-10-29,12,83,13,26678.654470263045
69,2025-12-10,7,61,24,21648.996057771437
69,2026-10-20,15,21,14,26471.717331304564
69,2027-09-18,13,46,6,15632.361914663572
69,2027-12-14,18,66,7,31448.57942110251
69,2029-03-14,19,84,32,18267.32660801253
69,2029-04-24,19,18,37,16058.206897474847
69,2029-08-21,4,77,6,28595.948307626106
69,2029-10-31,8,24,0,30688.945272601595
69,2029-11-04,2,61,42,23043.19256830477
70,2020-01-22,4,60,38,25236.84453594985
70,2021-02-14,16,51,21,24998.628098149882
70,2021-05-02,14,89,10,24255.705926719656
70,2023-02-02,24,26,26,24119.855008617567
70,2023-03-19,24,22,40,15240.591723053456
70,2023-11-11,23,17,42,24309.651294534044
70,2024-02-27,19,4,46,29414.003530452297
70,2024-04-23,19,83,33,31471.609939977196
70,2024-11-18,2,33,14,20470.764174868957
70,2026-03-11,5,47,35,17565.942919676658
70,2026-03-22,8,39,36,21606.694928090044
70,2028-12-24,5,49,40,35743.130675338245
70,2029-08-02,18,46,39,15616.703882725858
71,2020-05-27,7,83,0,33280.004960661936
71,2021-01-04,23,71,37,22129.65214633934
71,2021-04-21,2,48,40,36047.92377185816
71,2021-04-24,17,73,16,16359.798527944775
71,2021-10-06,8,99,25,21056.89468350331
71,2022-03-07,12,73,0,14299.569847793844
71,2022-12-05,13,64,6,35537.77587897601
71,2023-03-17,1,76,32,27183.12954913434
71,2023-11-26,8,28,38,15853.054504106103
71,2023-12-17,12,75,12,22872.096109245118
71,2024-12-03,6,84,33,26349.90690523104
71,2025-10-13,19,21,43,20145.393866129543
71,2025-10-21,23,90,4,20912.000352384675
71,2026-01-03,22,33,15,43292.32911518494
71,2026-04-07,16,37,21,17084.238554836622
71,2027-08-23,18,3,30,14810.224443043258
71,2027-10-14,12,72,30,11544.71419702185
71,2028-08-19,24,43,29,18184.25658097363
71,2028-11-04,21,89,14,29820.314259250586
71,2028-12-21,13,45,33,17917.889326036948
72,2020-06-22,11,79,20,33365.637952087294
72,2020-11-07,15,40,22,19981.269424567057
72,2021-01-15,21,95,21,29570.41496614241
72,2021-06-09,16,54,30,28453.449147927615
72,2022-02-17,23,25,15,43795.34323064456
72,2022-04-10,19,45,9,13445.239420069713
72,2022-06-14,5,95,43,10406.420865524604
72,2023-02-21,7,96,36,26329.000795703072
72,2025-07-09,15,23,32,26086.487423693594
72,2026-01-23,16,44,25,27658.2290343965
72,2027-06-10,19,0,34,45794.79520818055
72,2028-03-31,8,26,14,14517.763679750638
72,2028-09-25,3,10,43,29934.62540304116
72,2029-08-25,14,15,44,23965.184904997383
73,2021-05-11,21,77,12,22733.903871692455
73,2021-10-31,6,32,30,16403.56194402633
73,2022-11-30,11,71,35,25978.2682174839
73,2023-08-24,24,94,28,18390.503694585055
73,2023-08-25,19,33,11,17567.583274954628
73,2024-02-04,8,57,11,16373.552634346255
73,2024-09-22,4,80,33,13750.766113844162
73,2024-10-02,13,89,23,21386.135387601942
73,2025-02-27,22,1,0,22725.895658528625
73,2025-12-27,15,38,16,16368.459469916887
73,2026-02-24,7,34,30,20247.720067564558
73,2026-03-24,12,25,9,33443.09731291893
73,2026-04-21,12,12,44,29208.976529169566
73,2026-05-29,18,87,14,15818.306773405651
73,2026-06-20,24,36,22,14761.715999485732
73,2026-11-16,11,23,31,13254.772506629242
73,2027-07-24,12,74,6,21616.713370685473
73,2028-12-20,15,1,11,29012.875169387968
73,2029-01-30,11,2,26,16473.308173077334
73,2029-02-16,23,34,15,23247.85724693073
73,2029-05-29,14,95,21,20591.01418499543
74,2023-01-16,24,46,37,23556.904477189793
74,2023-04-08,19,82,25,25997.274545217795
74,2023-11-08,10,40,41,21897.081899361896
74,2024-04-09,14,80,9,24244.245766833585
74,2025-11-03,13,21,11,33164.726291462204
74,2027-01-29,2,10,10,25138.163319686602
74,2029-09-26,20,43,26,13658.289148649725
75,2020-08-08,24,50,33,25925.683796789668
75,2021-02-25,2,60,35,22849.60823067912
75,2021-05-27,21,32,44,22869.681280813344
75,2028-05-28,6,21,25,19364.14303470566
75,2028-07-30,3,33,39,22351.708075867162
76,2020-12-11,9,29,15,22296.33306458106
76,2021-06-21,0,4,42,18054.129607903644
76,2021-12-26,20,95,40,15166.449983741713
76,2022-07-19,14,39,23,28809.985162990906
76,2023-01-20,4,89,34,37230.10633235717
76,2024-01-01,15,59,34,14461.112345708283
76,2025-12-26,11,61,34,17755.983209496015
76,2028-04-09,14,80,8,17843.641292986285
76,2029-11-02,16,81,40,17892.348469926503
77,2020-02-03,2,19,0,18634.173604232667
77,2020-07-22,5,13,18,29412.167699536145
77,2022-01-17,9,14,40,21185.108616182588
77,2022-02-11,17,55,25,41921.107513240735
77,2022-10-20,22,94,41,15424.624028190414
77,2022-11-30,9,1,0,20161.197021969918
77,2023-01-07,22,56,46,42751.386238784384
77,2023-05-12,24,55,18,23949.392775280365
77,2024-05-15,7,33,5,24171.903205514533
77,2024-09-25,16,97,39,26639.039368938575
77,2025-02-08,8,89,39,22317.880260860813
77,2025-07-08,10,2,9,21076.193229495457
77,2025-07-14,10,53,19,14604.122138885083
77,2025-11-13,11,36,30,32026.617144394397
77,2025-12-31,22,62,30,17996.864238444305
77,2026-09-11,0,70,23,17143.868795218375
77,2029-01-20,9,83,34,24937.79315707869
77,2029-01-25,13,24,4,20835.50334801362
78,2020-01-03,23,23,1,21661.012761835544
78,2020-03-28,11,92,8,12111.119871728917
78,2020-06-21,8,61,40,20721.4752252606
78,2020-08-17,24,50,4,17307.541833262854
78,2020-09-01,20,19,44,13811.147102586641
78,2021-01-09,24,80,3,23626.772441750505
78,2021-05-05,7,1,2,15257.369633651868
78,2021-10-18,16,19,28,24976.875675274227
78,2022-02-16,17,44,20,15322.9608929109
78,2022-06-11,7,81,27,16245.52850212856
78,2022-10-16,24,56,15,18656.00817762402
78,2022-10-23,15,90,28,24642.231334505774
78,2023-04-26,17,46,29,17827.481376868724
78,2023-05-08,11,6,42,18499.439731340295
78,2023-07-02,5,80,46,19658.432845955496
78,2023-07-21,14,93,12,28284.201828514833
78,2023-08-06,21,68,24,22534.474541733674
78,2023-08-22,5,35,37,18128.068038362246
78,2024-03-01,7,20,31,17483.415601807745
78,2025-11-04,15,49,43,35900.94821991504
78,2026-01-05,4,62,14,24325.101255702168
78,2026-02-02,5,24,16,36016.59349406714
78,2026-04-08,17,89,31,31834.334823883964
78,2026-07-08,22,76,9,22252.842683231847
78,2026-12-13,24,79,15,26042.837927013865
78,2028-03-18,8,76,35,36379.90046369936
78,2028-04-09,6,58,6,26126.226192286438
78,2028-11-15,10,10,9,47758.522005125546
78,2028-12-18,11,59,44,21450.760654906746
78,2029-03-01,0,15,45,36435.91504439958
79,2020-05-10,21,62,33,16794.852297259982
79,2020-09-30,4,22,2,14412.99704310709
79,2022-04-07,15,24,6,21303.617684011464
79,2023-08-12,3,66,42,23174.510010981598
79,2024-01-18,11,90,3,26442.859437194937
79,2025-07-05,14,81,3,30558.34347585559
79,2025-11-16,24,70,9,25890.38123275462
79,2026-10-17,0,26,41,31914.890048960337
79,2026-11-16,10,52,41,16710.589881545107
79,2026-12-30,1,46,14,17665.00808049969
79,2029-03-27,16,5,46,15871.910181773872
80,2021-02-01,23,29,34,31695.478321585855
80,2022-10-15,17,95,35,44169.900944642905
80,2024-01-06,22,85,27,23332.78506672598
80,2024-04-27,6,67,42,22983.11452243785
80,2024-08-27,24,81,36,24785.035724223504
80,2029-05-10,2,27,33,20031.82354273003
80,2029-11-25,5,23,35,20075.693039592512
81,2020-01-27,7,27,20,15819.36368218782
81,2020-03-29,17,65,35,11546.444373603665
81,2020-06-02,2,99,3,29019.48978814072
81,2020-11-12,15,22,31,22573.880968711117
81,2021-01-11,18,27,46,28326.33545437345
81,2023-08-22,13,97,40,27239.750557464944
81,2023-12-27,4,33,23,46532.201404574145
81,2024-06-14,23,4,18,12697.22047261223
81,2024-10-29,19,30,36,29348.910248337095
81,2025-08-29,21,20,34,22926.810557550027
81,2026-02-12,12,98,35,17399.611577958356
81,2026-05-26,3,4,29,24749.82213135983
81,2026-09-06,16,17,19,25652.52786728526
81,2026-09-23,11,40,35,21041.649226841557
81,2028-05-07,11,57,28,14774.087991901046
81,2029-04-05,19,82,19,21382.606797038636
81,2029-12-22,7,32,19,21986.386086327235
82,2020-02-16,1,39,33,24258.184434032006
82,2020-04-03,6,94,34,22404.004125459698
82,2020-06-17,17,72,9,18026.043709330705
82,2020-07-02,6,87,23,16001.950516568953
82,2020-12-04,18,95,3,16822.282156768135
82,2021-01-01,21,52,27,33425.09568705602
82,2021-09-30,3,94,3,20099.145660550428
82,2022-05-17,17,66,16,25820.08164055193
82,2022-09-22,9,1,21,18345.62378762029
82,2023-03-09,22,79,17,12177.67979496831
82,2023-08-31,4,6,43,29661.722974796125
82,2023-10-01,13,53,7,20189.493750910387
82,2023-12-03,19,18,28,14860.309269883024
82,2024-02-05,6,41,22,26038.80207253791
82,2025-06-21,20,73,12,25397.58754275011
82,2025-08-17,24,89,8,21966.290362970565
82,2025-11-27,8,21,3,22456.65586852572
82,2026-02-23,8,10,25,22213.47458921599
82,2026-02-25,19,93,9,21565.50586692778
82,2026-04-17,7,9,17,21861.708439876933
82,2026-06-14,7,55,18,17558.201684039825
82,2026-08-29,24,39,10,22094.981625544344
82,2027-10-12,9,57,30,20824.982133601297
82,2027-10-18,12,74,42,25487.680407921514
82,2028-03-15,14,96,38,20900.15957291331
82,2028-07-18,15,71,12,30508.745821881046
82,2028-09-16,10,87,36,28150.767272268236
82,2028-10-25,4,16,21,25872.941014202333
82,2029-10-02,23,83,38,23866.180506208748
83,2023-01-16,3,2,18,21094.62891531943
83,2025-02-18,1,31,33,31749.382506235128
83,2025-03-19,2,49,42,16617.29636938296
83,2025-12-17,5,25,32,34864.5296759958
83,2027-12-16,10,62,38,26369.90347678747
83,2029-09-22,7,48,32,15322.713930986705
84,2020-03-16,21,45,22,34448.40033806484
84,2020-12-25,16,86,39,19605.138014023865
84,2021-09-13,12,84,8,20115.764579036084
84,2021-09-17,9,77,21,23113.50122328068
84,2023-09-28,12,95,10,20660.2561039247
84,2025-01-13,6,83,8,22046.602911730897
84,2025-12-23,5,40,9,14108.470059713702
84,2026-07-07,4,39,44,25111.50661436885
84,2027-01-04,7,64,17,23031.088062988343
84,2027-05-11,10,8,35,29286.040283424256
84,2027-11-28,13,98,9,31482.713060299608
84,2029-02-07,20,32,24,19907.945625078013
84,2029-10-14,13,30,36,23181.848674516932
84,2029-12-26,17,35,14,18324.22439581518
85,2020-04-30,13,52,19,10237.611910492473
85,2021-01-05,5,99,37,19283.697419386754
85,2021-01-08,22,57,40,13574.272885931765
85,2021-03-13,5,3,39,14616.93972818302
85,2021-07-03,22,83,23,25911.41329703957
85,2021-11-01,7,4,26,18528.15747772403
85,2021-11-12,9,78,3,21846.775999945163
85,2021-12-26,19,62,44,24773.782150952797
85,2022-01-23,15,60,8,27660.10906005576
85,2022-08-03,7,87,1,15505.748299398265
85,2023-08-20,22,93,7,14594.93248123972
85,2023-08-23,7,54,25,14133.830507741395
85,2024-01-11,22,99,30,12828.260512552533
85,2024-06-08,17,49,33,16449.976337383177
85,2024-06-18,24,36,29,21003.431919513052
85,2024-12-19,4,99,12,29152.500640693073
85,2025-01-20,5,58,37,20912.789362573993
85,2025-02-14,7,66,34,22830.990181411653
85,2026-08-29,16,13,28,26207.14729013939
85,2026-12-02,19,72,39,20590.197241004018
85,2027-09-27,14,82,28,16647.571223039453
85,2027-10-22,12,52,20,16891.388009502272
85,2027-12-28,14,11,16,36809.54789019579
85,2028-01-28,12,78,36,21925.53120550419
85,2028-04-28,24,26,4,18697.1552485474
85,2028-07-28,8,52,14,10124.234785283275
85,2028-07-31,6,37,28,31538.72549379387
85,2028-09-14,19,94,24,23272.041325493356
86,2020-08-13,1,18,2,35187.75244081638
86,2020-11-21,7,70,17,24095.678164463316
86,2020-12-15,23,65,39,34246.89210961718
86,2021-03-22,5,20,43,17570.46486820225
86,2021-04-26,6,0,39,26994.21226363349
86,2021-10-16,17,48,2,20685.80296506507
86,2026-12-13,1,23,9,32549.6660121177
86,2027-05-25,14,52,28,27518.908015833036
86,2027-06-25,10,11,3,22238.965782987532
86,2028-03-09,9,80,11,38093.6512763806
86,2028-08-01,0,58,31,19027.23356767439
86,2028-08-12,10,72,42,18020.732478145826
86,2028-08-16,13,39,19,18367.082338534667
86,2029-08-04,17,0,38,42074.30345080186
86,2029-09-03,5,18,11,30090.69919725896
86,2029-11-24,7,27,37,18366.53473250661
87,2020-04-08,20,15,13,31436.070241080306
87,2020-08-26,18,93,40,14703.812797886523
87,2021-05-14,10,67,26,19740.02411477171
87,2022-08-11,6,0,7,25874.05028048432
87,2022-11-29,4,78,36,18086.692327392226
87,2023-08-15,12,8,27,40296.35004612285
87,2024-01-15,2,98,19,17974.069035679197
87,2025-07-26,15,23,39,16089.573060877043
87,2025-11-18,22,26,39,23281.261575382225
87,2025-12-06,15,92,44,16457.15783739875
87,2026-10-13,13,77,20,31575.1018347376
87,2026-11-08,14,95,37,25285.63287548127
87,2028-12-19,13,5,21,27328.516411470708
87,2029-06-16,9,60,8,22947.41560456426
88,2021-09-28,17,42,29,26026.46028646362
88,2022-02-06,24,39,45,23874.773625725542
88,2022-05-03,11,8,9,18159.416687117442
88,2023-02-22,10,48,40,29095.88512216435
88,2023-05-11,17,68,1,42171.53319116302
88,2023-05-14,24,0,7,14378.032500551457
88,2024-08-22,15,30,23,25651.33066130105
88,2025-12-28,18,77,24,22406.445398747208
88,2026-04-14,0,81,12,29697.38594928815
88,2026-05-19,5,24,21,19994.170765888983
88,2027-09-10,10,50,46,34558.19852638211
88,2027-09-27,8,8,19,17552.67209499264
88,2028-10-16,23,7,33,25254.669078890507
88,2028-12-09,20,17,30,32809.00313577603
88,2029-05-08,21,61,30,20429.804021094627
88,2029-08-14,22,4,17,34840.66534434604
89,2020-10-18,19,43,34,35674.93687175062
89,2021-01-14,16,3,30,19742.20840079689
89,2021-02-26,0,73,19,20271.19131481093
89,2021-12-17,11,4,12,30386.454158299894
89,2022-04-20,14,49,45,40817.3346478986
89,2023-01-25,0,79,35,18491.690877759414
89,2023-03-19,17,40,28,28133.63638289543
89,2024-12-22,4,3,30,25521.907641091064
89,2025-08-10,6,43,30,17124.014256308943
89,2025-10-06,6,69,22,20949.362302469603
89,2026-02-28,8,18,45,23975.169872943337
89,2027-03-01,10,25,12,24154.40416036528
89,2027-07-11,8,19,10,28513.75970766112
89,2027-09-15,10,59,2,20611.901134287586
89,2028-03-19,24,41,9,16099.721324632104
89,2028-08-17,16,86,8,12211.006830275774
89,2029-01-06,18,31,10,20442.93575919856
89,2029-04-20,6,67,19,25886.80927922602
89,2029-09-12,0,39,2,15820.11467899212
90,2020-05-03,15,14,22,22167.476541624765
90,2020-07-25,12,6,5,27459.386454151703
90,2020-10-17,17,59,25,48074.39251838553
90,2020-11-15,3,75,38,26955.817220471603
90,2021-02-02,9,87,41,18116.76319218332
90,2021-03-21,10,63,41,20687.667376925216
90,2021-08-11,11,50,11,26262.811487526506
90,2021-12-22,12,8,38,15255.731219610972
90,2023-09-23,22,97,42,23255.72151972791
90,2023-10-27,22,75,27,27611.91016472487
90,2024-10-12,5,90,38,26872.65163530795
90,2025-03-11,17,12,28,21130.29781243411
90,2025-05-14,5,36,22,24164.74190710798
90,2026-02-22,15,49,4,12987.87062757272
90,2026-05-14,2,89,29,24832.446049870076
90,2026-08-15,7,79,15,26099.01605843073
90,2026-10-11,16,13,25,36704.86121299339
90,2027-05-28,2,27,8,17066.006905599228
90,2027-10-14,5,84,42,32432.809432812304
90,2027-11-05,10,58,31,31935.864026985844
90,2027-12-19,15,29,14,18796.293882500948
90,2028-10-17,18,43,34,24694.78867319745
90,2029-01-27,24,97,29,14927.350534558334
90,2029-03-02,10,71,41,23676.208303215608
90,2029-12-13,24,18,42,18505.864578206743
90,2029-12-29,19,45,19,31320.93983775251
91,2020-12-31,19,65,25,15386.335377998672
91,2022-08-21,22,75,25,21158.454615222825
91,2023-05-12,13,91,22,24795.10314800122
91,2025-01-05,6,87,20,36350.79492298734
91,2025-01-29,12,78,36,26280.26408188913
91,2026-02-26,0,90,35,31539.29305385698
91,2027-01-04,22,48,25,22123.73865746148
91,2029-03-15,3,36,1,18344.13398811859
91,2029-07-03,9,7,23,25169.313178885175
92,2020-03-05,23,62,42,16877.764873231725
92,2021-05-29,0,9,41,24980.723168791268
92,2021-07-23,17,49,23,26755.200112302806
92,2022-01-31,19,0,36,19537.8549915093
92,2024-08-09,1,4,36,29137.382465911556
92,2024-10-09,14,65,27,19695.590444614623
92,2024-11-17,21,22,30,17405.30817269569
92,2024-11-23,2,17,41,19317.419061684323
92,2025-06-02,3,74,30,14392.89959273006
92,2025-08-02,22,64,17,23562.35093314465
92,2025-11-13,7,60,40,32169.53710260816
92,2025-11-26,14,66,5,13937.00909402733
92,2026-03-11,12,45,14,36978.39696760653
92,2027-09-29,4,93,46,12987.691190372472
92,2028-04-25,21,81,34,18665.69369544254
92,2029-01-14,14,89,38,27356.635901176465
92,2029-06-02,4,36,42,21241.573518794907
93,2020-02-18,14,48,43,12582.207790276474
93,2020-07-30,23,79,1,31650.52038109584
93,2020-09-08,18,21,36,40882.24225236412
93,2020-11-10,8,16,39,26311.413167152252
93,2022-08-15,21,90,24,20783.23980388857
93,2023-02-24,8,1,7,27819.94039216839
93,2023-03-20,2,16,32,29948.027983210523
93,2023-03-30,1,88,38,34983.54145643851
93,2023-07-17,3,68,40,21486.837003877456
93,2023-10-04,8,12,16,34684.04018059056
93,2023-12-20,19,83,17,21236.480231692844
93,2024-06-21,9,60,34,15638.533844698388
93,2025-04-05,13,45,18,23280.36058936038
93,2025-04-27,4,67,27,17764.42789385429
93,2025-12-31,15,58,32,18596.445148794443
93,2026-07-02,19,6,21,47451.327748457195
93,2026-09-05,15,96,26,19226.24564402051
93,2026-10-09,18,94,9,18669.45948454548
93,2027-05-04,14,98,43,26615.352910840833
93,2027-05-23,11,22,16,17232.29183633645
93,2027-09-28,10,70,0,31771.02877354525
93,2028-02-21,6,73,46,29336.61174470556
93,2028-05-26,23,86,37,16199.634394113975
93,2028-05-27,23,72,16,40208.26564163822
93,2028-06-21,1,21,29,34312.29501995701
93,2028-08-21,7,84,28,27144.13375979847
93,2028-08-21,16,43,43,38415.94051053524
93,2028-10-10,15,23,33,22004.178866432165
93,2029-06-10,1,82,16,22618.46904464958
93,2029-08-31,10,10,9,20930.121348357585
94,2020-02-04,0,52,6,26229.219359069328
94,2020-04-07,1,76,42,19699.291846044573
94,2020-05-22,2,73,46,18773.277875817355
94,2020-08-14,11,68,21,16325.512843219452
94,2020-09-03,8,22,28,24268.8839826892
94,2020-10-11,6,78,25,21072.396160007174
94,2021-03-11,22,33,6,25695.72801504633
94,2021-12-31,3,18,34,19152.509864469936
94,2022-06-17,8,24,2,16517.376533452425
94,2022-10-23,0,63,9,15506.66094970741
94,2022-11-03,14,84,4,19021.87997958189
94,2022-12-27,22,42,25,21845.39730079649
94,2023-02-09,12,49,21,12957.994211937936
94,2024-01-10,21,38,25,25352.49121121146
94,2024-03-19,3,89,11,34995.44042737526
94,2025-05-12,12,93,4,36256.638130671716
94,2025-11-21,21,57,22,20579.58348471022
94,2026-01-21,0,49,44,19203.94725385306
94,2026-06-11,16,90,31,37484.22583267948
94,2027-03-01,8,98,27,15742.428051435829
94,2027-04-28,1,85,24,9305.131824302594
94,2027-10-06,8,20,4,22977.387843445038
94,2027-12-10,2,77,8,38768.98660868887
94,2028-08-14,6,78,41,13651.286971839962
94,2029-03-04,3,72,34,18385.84551169139
94,2029-05-15,19,81,7,30534.869928933567
95,2020-04-13,15,49,4,16925.983814401417
95,2021-03-13,15,10,40,21374.49733540181
95,2024-04-22,9,89,24,31827.30878825851
95,2024-11-28,4,4,12,20720.894679358084
95,2027-04-07,5,70,2,27717.63365047346
95,2028-11-21,15,68,28,17187.46973935518
95,2029-06-07,24,98,18,24113.75177823818
96,2020-05-31,1,43,46,20579.61563178354
96,2020-06-24,3,27,41,24592.81613020726
96,2025-06-25,15,79,2,34468.687103272794
96,2027-06-26,21,68,9,28971.71788810996
96,2028-04-23,2,4,9,17310.115399674505
97,2020-07-23,3,58,39,21885.723575373715
97,2021-11-30,3,14,31,17603.209040557216
97,2022-09-24,4,12,40,13783.620459012334
97,2023-01-26,24,53,10,22473.614589927907
97,2023-10-13,10,15,43,28716.11145309837
97,2026-06-17,10,27,2,27475.587692576377
97,2026-08-26,10,8,7,20243.757084198238
97,2026-09-03,2,25,27,10643.747631841672
97,2026-11-13,24,20,1,18793.835512871
97,2027-10-23,17,21,28,25713.76589224784
97,2027-11-12,0,22,40,20305.82195424056
97,2029-11-11,2,0,0,27952.98872200946
98,2020-12-31,13,88,30,15119.08562018301
98,2021-04-06,21,60,31,23392.5005150845
98,2021-04-26,19,46,34,31238.97541926344
98,2023-01-14,13,30,11,14662.1622627512
98,2024-09-11,17,30,12,13567.879207302012
98,2025-08-09,20,38,22,21792.20367686199
98,2025-09-09,14,98,40,17669.981652309245
98,2026-11-05,19,23,45,25334.667526417466
98,2027-05-24,8,6,12,17273.421487111456
98,2027-10-06,6,18,40,24054.259731188584
99,2021-10-16,1,82,23,31088.436267536883
99,2022-07-21,7,94,26,17183.809885812556
99,2023-03-13,13,32,21,16240.338454721581
99,2023-08-27,24,14,20,19729.92205202108
99,2024-12-26,13,25,43,23223.79007639572
99,2025-04-13,1,55,9,15968.260246238577
99,2025-10-10,2,30,46,27117.42209870888
99,2026-01-10,5,3,31,25050.396884977374
99,2026-12-01,1,13,3,22437.836783204308
99,2029-10-03,12,28,4,22603.118555313526
100,2020-05-11,8,17,7,10841.322499353986
100,2020-12-20,16,62,13,22164.298824052537
100,2021-07-12,23,24,40,25108.65637714183
100,2021-10-04,18,70,14,40833.11367569106
100,2023-09-02,18,28,37,33271.715336689595
100,2024-01-08,6,42,8,28887.9679160969
100,2026-08-20,14,35,0,17704.94251346777
100,2026-11-01,5,49,23,9169.10404033211
100,2028-03-09,23,31,15,20850.455378180184
100,2028-07-11,7,37,38,26522.435549558115
100,2029-07-20,14,53,10,16270.04211289844
